{"entities":{"pages":{"starter-topic":{"id":"starter-topic","title":"Welcome to PixelVault Documentation","url":"starter-topic.html","level":0,"tabIndex":0},"introduction":{"id":"introduction","title":"Introduction","url":"introduction.html","level":0,"tabIndex":1},"getting-started":{"id":"getting-started","title":"Getting Started","url":"getting-started.html","level":0,"tabIndex":2},"architecture":{"id":"architecture","title":"Architecture","url":"architecture.html","level":0,"tabIndex":3},"components":{"id":"components","title":"Components","url":"components.html","level":0,"tabIndex":4}}},"topLevelIds":["starter-topic","introduction","getting-started","architecture","components"]}